{"cameraMode":{"drawMode":0,"name":"Shaded","section":"Shading Mode"},"sceneLighting":true,"audioPlay":false,"sceneViewState":{"showFog":true,"showMaterialUpdate":false,"showSkybox":true,"showFlares":true,"showImageEffects":true,"showParticleSystems":true},"in2DMode":false,"pivot":{"x":-18.33226776123047,"y":1.5133910179138184,"z":1.725487470626831},"rotation":{"x":0.0006832676590420306,"y":0.9898096323013306,"z":-0.14232319593429566,"w":0.004751849919557571},"size":3.356922149658203,"orthographic":false}